job_id,item_name,url,client_name,price,title,keyword
4297084,,https://www.lancers.jp/work/detail/4297084,TeamSV,"プロジェクト
20,000 円 ~ 50,000 円 / 固定","NEW
1本9,000円〜【ラブ恋漫画のキャラの線画担当様、大募集！】",データ分析
4294454,,https://www.lancers.jp/work/detail/4294454,Kawaguchi_Japan,"プロジェクト
1,000,000 円 ~ 3,000,000 円 / 固定","NEW
初回
新規飲食店のマーケティングコンサルティング全般",データ分析
workDetail_index.html?job_offer_id=I-Z220753380-IT&utm_source=lancers&utm_medium=lancers&utm_campaign=lan04,,https://persol-tech-s.co.jp/jobsearch/workDetail_index.html?job_offer_id=I-Z220753380-IT&utm_source=lancers&utm_medium=lancers&utm_campaign=lan04,パーソルテクノロジースタッフ,"求人
2,700 ~ 3,000 円 / 時",開発エンジニア（開発およびベンダー調整）,BI
workDetail_index.html?job_offer_id=I-E220753122-IT&utm_source=lancers&utm_medium=lancers&utm_campaign=lan04,,https://persol-tech-s.co.jp/jobsearch/workDetail_index.html?job_offer_id=I-E220753122-IT&utm_source=lancers&utm_medium=lancers&utm_campaign=lan04,パーソルテクノロジースタッフ,"求人
2,300 ~ 2,500 円 / 時",開発エンジニア（デジタルトランスフォーメーションアプリケーション開発）,BI
4294213,,https://www.lancers.jp/work/detail/4294213,nomup,"プロジェクト
100,000 円 ~ 200,000 円 / 固定","NEW
WordPressを使用したマッチングサイトの開発",ダッシュボード
4293938,,https://www.lancers.jp/work/detail/4293938,base_k,"プロジェクト
~ 5,000 円 / 固定","NEW
Salesforceの管理画面ダッシュボードの作り方を教えて頂ける方を募集",ダッシュボード
10226?utm_source=lancers&utm_medium=lancers&utm_campaign=bosyu_jobsearch,,https://menta.work/bosyu/10226?utm_source=lancers&utm_medium=lancers&utm_campaign=bosyu_jobsearch,MENTA,"募集
4,500 円",メンター募集（LaravelでDBと連携したグラフをchart.jsやGooglechartを用いて出力したい）,ダッシュボード
workDetail_index.html?job_offer_id=I-E221060740-IT&utm_source=lancers&utm_medium=lancers&utm_campaign=lan04,,https://persol-tech-s.co.jp/jobsearch/workDetail_index.html?job_offer_id=I-E221060740-IT&utm_source=lancers&utm_medium=lancers&utm_campaign=lan04,パーソルテクノロジースタッフ,"求人
2,700 ~ 3,000 円 / 時",開発エンジニア（管理画面やAPIの開発）,ダッシュボード
10272?utm_source=lancers&utm_medium=lancers&utm_campaign=bosyu_jobsearch,,https://menta.work/bosyu/10272?utm_source=lancers&utm_medium=lancers&utm_campaign=bosyu_jobsearch,MENTA,"募集
5,000 円",メンター募集（【単発】GraphQLをハンズオンで教えてください。）,API
4295004,,https://www.lancers.jp/work/detail/4295004,株式会社スピアーズ,"プロジェクト
20,000 円 ~ 50,000 円 / 固定","NEW
既存システムの顧客情報とHubSpotのAPI連携",API
4293680,,https://www.lancers.jp/work/detail/4293680,コウ,"プロジェクト
20,000 円 ~ 50,000 円 / 固定","NEW
ECサイト　出品ツール＆価格改定・在庫確認ツール作成お願いします。",API
4293718,,https://www.lancers.jp/work/detail/4293718,せるワザ,"プロジェクト
5,000 円 ~ 10,000 円 / 固定","NEW
【継続依頼】WEB-API通信ができるVBAモジュール開発",API
4293635,,https://www.lancers.jp/work/detail/4293635,banana,"プロジェクト
10,000 円 ~ 20,000 円 / 固定","NEW
クラウド上にAPIを作れるようになりたいです。（一日100件くらい以下のアクセス想定）",API
4292182,,https://www.lancers.jp/work/detail/4292182,リングル株式会社,"プロジェクト
20,000 円 ~ 50,000 円 / 固定","NEW
Amazonのランキングを取得するWindowsアプリケーションの開発",API
4291803,,https://www.lancers.jp/work/detail/4291803,tommy01,"プロジェクト
500,000 円 ~ 1,000,000 円 / 固定",仮想通貨のウォレット開発,API
4291493,,https://www.lancers.jp/work/detail/4291493,FEELOVE.,"プロジェクト
100,000 円 ~ 200,000 円 / 固定",イベントのホームページ制作,API
4290460,,https://www.lancers.jp/work/detail/4290460,STRATTON,"プロジェクト
5,000 円 ~ 10,000 円 / 固定","初回
Amazon seller Centralの注文情報をスプレッドシートに自動で記入する仕組みの開発",API
10201?utm_source=lancers&utm_medium=lancers&utm_campaign=bosyu_jobsearch,,https://menta.work/bosyu/10201?utm_source=lancers&utm_medium=lancers&utm_campaign=bosyu_jobsearch,MENTA,"募集
3,000 円",メンター募集（【Vue】vue-routerのナビゲーションガードでAPIの戻り値を条件に画面制御を行いたいです。）,API
9427,,https://www.lancers.jp/onsite/job/9427,(株)ACG (aozora91),"求人
後で決める",「googleデータポータル」使用方法をレクチャーしてくれる方募集,データポータル
9270,,https://www.lancers.jp/onsite/job/9270,(株)ACG (aozora91),"求人
後で決める",「googleデータポータル」使用方法をレクチャーしてくれる方募集,データポータル
4292204,,https://www.lancers.jp/work/detail/4292204,株式会社ISEエンジニアリング不動産,"プロジェクト
500,000 円 ~ 1,000,000 円 / 固定",★SESリモートインフラエンジニア(週5・月単価70万以上)＋幹部社員登用制度あり★,gcp
workDetail_index.html?job_offer_id=I-E220856628-IT&utm_source=lancers&utm_medium=lancers&utm_campaign=lan04,,https://persol-tech-s.co.jp/jobsearch/workDetail_index.html?job_offer_id=I-E220856628-IT&utm_source=lancers&utm_medium=lancers&utm_campaign=lan04,パーソルテクノロジースタッフ,"求人
2,500 円 / 時",開発エンジニア（社内システムの開発）,gcp
workDetail_index.html?job_offer_id=I-E220855784-IT&utm_source=lancers&utm_medium=lancers&utm_campaign=lan04,,https://persol-tech-s.co.jp/jobsearch/workDetail_index.html?job_offer_id=I-E220855784-IT&utm_source=lancers&utm_medium=lancers&utm_campaign=lan04,パーソルテクノロジースタッフ,"求人
3,000 円 / 時",開発エンジニア（船舶関連システムの開発）,gcp
workDetail_index.html?job_offer_id=I-Z220957999-IT&utm_source=lancers&utm_medium=lancers&utm_campaign=lan04,,https://persol-tech-s.co.jp/jobsearch/workDetail_index.html?job_offer_id=I-Z220957999-IT&utm_source=lancers&utm_medium=lancers&utm_campaign=lan04,パーソルテクノロジースタッフ,"求人
1,900 ~ 2,300 円 / 時",開発エンジニア（自社向けDX推進）,gcp
4294690,,https://www.lancers.jp/work/detail/4294690,knowledge_ks,"プロジェクト
200,000 円 ~ 300,000 円 / 固定","NEW
クラウド(AWS/Azure) , ML(Python)研修の演習サポート講師業務【経験不問】",Python
4294687,,https://www.lancers.jp/work/detail/4294687,knowledge_ks,"プロジェクト
300,000 円 ~ 500,000 円 / 固定","NEW
Java/Pythonプログラミング研修の演習サポート講師業務【経験不問】",Python
4294145,,https://www.lancers.jp/work/detail/4294145,irup_1234,"プロジェクト
500,000 円 ~ 1,000,000 円 / 固定","NEW
初回
JAVAを使えるエンジニア経験者案件",Python
4292200,,https://www.lancers.jp/work/detail/4292200,株式会社ISEエンジニアリング不動産,"プロジェクト
500,000 円 ~ 1,000,000 円 / 固定",★SESリモート開発エンジニア(週5・月単価70万以上)＋幹部社員登用制度あり★,Python
10181?utm_source=lancers&utm_medium=lancers&utm_campaign=bosyu_jobsearch,,https://menta.work/bosyu/10181?utm_source=lancers&utm_medium=lancers&utm_campaign=bosyu_jobsearch,MENTA,"募集
6,000 円",メンター募集（OCI GGやADWの設定方法について教えてください）,データ基盤
workDetail_index.html?job_offer_id=I-E220445223-IT&utm_source=lancers&utm_medium=lancers&utm_campaign=lan04,,https://persol-tech-s.co.jp/jobsearch/workDetail_index.html?job_offer_id=I-E220445223-IT&utm_source=lancers&utm_medium=lancers&utm_campaign=lan04,パーソルテクノロジースタッフ,"求人
2,500 ~ 2,700 円 / 時",開発エンジニア（自社システム企画開発）,データ基盤
workDetail_index.html?job_offer_id=I-E220445229-IT&utm_source=lancers&utm_medium=lancers&utm_campaign=lan04,,https://persol-tech-s.co.jp/jobsearch/workDetail_index.html?job_offer_id=I-E220445229-IT&utm_source=lancers&utm_medium=lancers&utm_campaign=lan04,パーソルテクノロジースタッフ,"求人
2,500 ~ 2,700 円 / 時",開発エンジニア（アパレル企業でのフルスタックエンジニア）,データ基盤
4291237,,https://www.lancers.jp/work/detail/4291237,CBD JAPAN株式会社,"プロジェクト
50,000 円 ~ 100,000 円 / 固定","2回目
PR
SNS 5種の運用代行をお願いします。",マーケティング
4296613,,https://www.lancers.jp/work/detail/4296613,鈴木　翼,"プロジェクト
100,000 円 ~ 200,000 円 / 固定","NEW
実店舗とオンラインサービスのFacebook広告運用",マーケティング
4296525,,https://www.lancers.jp/work/detail/4296525,yoshi2009,"プロジェクト
5,000 円 ~ 10,000 円 / 固定","NEW
高単価 1件4000円 未経験者大歓迎 脱毛エステ・サロンの女性モニター調査",マーケティング
4296523,,https://www.lancers.jp/work/detail/4296523,yoshi2009,"プロジェクト
10,000 円 ~ 20,000 円 / 固定","NEW
高単価 3件 12000円 未経験者大歓迎 脱毛エステ・サロンの女性モニター調査",マーケティング
4296247,,https://www.lancers.jp/work/detail/4296247,トガシ,"プロジェクト
20,000 円 ~ 50,000 円 / 固定","NEW
3回目
SNS マーケティング　デザインor動画編集",マーケティング
4295924,,https://www.lancers.jp/work/detail/4295924,iwaya.k,"プロジェクト
50,000 円 ~ 100,000 円 / 固定","NEW
3回目
占いサロンのマーケティング",マーケティング
4295953,,https://www.lancers.jp/work/detail/4295953,おざーさん,"プロジェクト
50,000 円 ~ 100,000 円 / 固定","NEW
転職関係メディアのLINE公式アカウントの代理運用・施策提案",マーケティング
4295719,,https://www.lancers.jp/work/detail/4295719,sekido,"プロジェクト
200,000 円 ~ 300,000 円 / 固定","NEW
初回
【法人様限定】２つのWebサイト統合に伴うコンサルティング 及び、Webページ作成依頼",マーケティング
4295425,,https://www.lancers.jp/work/detail/4295425,Rabbiko,"プロジェクト
~ 5,000 円 / 固定","NEW
美容クリニック無料モニター",マーケティング
4295417,,https://www.lancers.jp/work/detail/4295417,六角電算株式会社,"プロジェクト
100,000 円 ~ 200,000 円 / 固定","NEW
[英語圏向け] InstagramなどのSNSを利用したVRアプリのマーケティング",マーケティング
4295192,,https://www.lancers.jp/work/detail/4295192,TeamSV,"プロジェクト
20,000 円 ~ 50,000 円 / 固定","NEW
急募5,000円〜【Webtoon用漫画絵コンテ（ネーム）担当を募集中】",マーケティング
4294877,,https://www.lancers.jp/work/detail/4294877,株式会社iHOLON,"コンペ
22,000 円","NEW
提案非公開
【スマートIOT家電】 商品名募集",画像認識
4297466,,https://www.lancers.jp/work/detail/4297466,大地,"プロジェクト
5,000 円 ~ 10,000 円 / 固定 1.42 円 / 文字","NEW
【高単価1本1万円/原神好き大歓迎/7000字程度】原神×ゆっくり解説動画の原稿制作",BI
4297378,,https://www.lancers.jp/work/detail/4297378,CBD JAPAN株式会社,"プロジェクト
200,000 円 ~ 300,000 円 / 固定","NEW
PR
ShopifyでECサイトの制作をお願いします。",マーケティング
4297487,,https://www.lancers.jp/work/detail/4297487,藤井　俊太,"プロジェクト
50,000 円 ~ 100,000 円 / 固定","NEW
【高単価/継続あり/案件多数】SNS運用できる方を募集いたします！",マーケティング
4297463,,https://www.lancers.jp/work/detail/4297463,藤井　俊太,"プロジェクト
50,000 円 ~ 100,000 円 / 固定","NEW
【高単価/継続あり/案件多数】Webディレクターを募集いたします！",マーケティング
4297455,,https://www.lancers.jp/work/detail/4297455,藤井　俊太,"プロジェクト
50,000 円 ~ 100,000 円 / 固定","NEW
【高単価/継続あり/案件多数】Webディレクターを募集いたします！",マーケティング
4297372,,https://www.lancers.jp/work/detail/4297372,nakajimashino,"プロジェクト
~ 5,000 円 / 固定","NEW
ヘアーオイル商品企画（差別化）",マーケティング
4297340,,https://www.lancers.jp/work/detail/4297340,okapi1228,"プロジェクト
20,000 円 ~ 50,000 円 / 固定","NEW
高単価3件12000円【初心者歓迎】美容・脱毛の覆面調査・モニター募集",マーケティング
4297221,,https://www.lancers.jp/work/detail/4297221,金本,"プロジェクト
50,000 円 ~ 100,000 円 / 固定","NEW
高単価4000円【男性限定】【初心者歓迎】覆面調査・脱毛サロンのモニター募集の仕事",マーケティング
4297641,,https://www.lancers.jp/work/detail/4297641,マサキ物販,"プロジェクト
20,000 円 ~ 50,000 円 / 固定","NEW
サイト内の特定キーワードを表示する/インターネット検索/プログラミング/マクロ/VBA/エンジニア",Python
10291?utm_source=lancers&utm_medium=lancers&utm_campaign=bosyu_jobsearch,,https://menta.work/bosyu/10291?utm_source=lancers&utm_medium=lancers&utm_campaign=bosyu_jobsearch,MENTA,"募集
3,000 円",メンター募集（discord python 音楽botの作成、ループ処理の問題）,Python
4297709,,https://www.lancers.jp/work/detail/4297709,sky_lac,"プロジェクト
20,000 円 ~ 50,000 円 / 固定","NEW
2回目
当方ビジネス情報提供事業のサービスモニタリング参加、評価、提案をお願いします。",マーケティング
4297614,,https://www.lancers.jp/work/detail/4297614,TeamSV,"プロジェクト
20,000 円 ~ 50,000 円 / 固定","NEW
1話15,000円＋売上の1％【人物線画担当】Webtoonのイラストレーター募集！",マーケティング
4294458,,https://www.lancers.jp/work/detail/4294458,アイネックス社会保険労務士法人,"プロジェクト
50,000 円 ~ 100,000 円 / 固定","NEW
3回目
ロボパットによるRPA作成",RPA
9417,,https://www.lancers.jp/onsite/job/9417,(株)ACG (aozora91),"求人
後で決める",【週15時間〜】RPA(UiPath)の実装業務,RPA
4298080,,https://www.lancers.jp/work/detail/4298080,Harty,"プロジェクト
200,000 円 ~ 300,000 円 / 固定","NEW
ECサイト ディレクター募集！",tableau
4298078,,https://www.lancers.jp/work/detail/4298078,yoshi2009,"プロジェクト
5,000 円 ~ 10,000 円 / 固定","NEW
高単価 1件4000円 未経験者大歓迎 薄毛のクリニックの男性・女性モニター調査",マーケティング
9519,,https://www.lancers.jp/onsite/job/9519,株式会社Her's (hers),"求人
後で決める","NEW
【急募】オンラインスクールの営業代行！複数名募集しています",マーケティング
4298515,,https://www.lancers.jp/work/detail/4298515,リサーチをお願いできる方を探しています。,"プロジェクト
5,000 円 ~ 10,000 円 / 固定","NEW
健康系モニター案件",マーケティング
4298906,,https://www.lancers.jp/work/detail/4298906,株式会社アイコン,"プロジェクト
~ 5,000 円 / 固定","NEW
ワードプレス不具合の解決",ダッシュボード
4298889,,https://www.lancers.jp/work/detail/4298889,株式会社MyBS,"プロジェクト
10,000 円 ~ 20,000 円 / 固定","NEW
デジタルファッションサービスのマーケティング",マーケティング
4298873,,https://www.lancers.jp/work/detail/4298873,p-web,"プロジェクト
20,000 円 ~ 50,000 円 / 固定","NEW
EC（楽天/Yahoo/Amazon等）用の商品LP・商品画像の作成【在宅/経験者優遇/継続依頼有】",マーケティング
4298856,,https://www.lancers.jp/work/detail/4298856,Ohanasikagawa1210,"プロジェクト
5,000 円 ~ 10,000 円 / 固定","NEW
【アメリカ在住の方】SNSの運用代行サポート",マーケティング
4298749,,https://www.lancers.jp/work/detail/4298749,kai2020,"プロジェクト
50,000 円 ~ 100,000 円 / 固定","NEW
初回
YouTubeディレクター募集！【収益化後40%】",マーケティング
10313?utm_source=lancers&utm_medium=lancers&utm_campaign=bosyu_jobsearch,,https://menta.work/bosyu/10313?utm_source=lancers&utm_medium=lancers&utm_campaign=bosyu_jobsearch,MENTA,"募集
15,000 円",メンター募集（Vueベースの個人開発Webアプリについて総合的にご相談したい）,Python
4299877,,https://www.lancers.jp/work/detail/4299877,hachimanudon,"プロジェクト
100,000 円 ~ 200,000 円 / 固定","NEW
飲食店のinstagram　立ち上げ及び運用代行",マーケティング
4299779,,https://www.lancers.jp/work/detail/4299779,tech_coaching,"プロジェクト
200,000 円 ~ 300,000 円 / 固定","NEW
【長期・継続依頼】WEBデザインやWEB制作についてマンツーマンで指導するお仕事です。",マーケティング
4300554,,https://www.lancers.jp/work/detail/4300554,多山 哲郎,"プロジェクト
10,000 円 ~ 20,000 円 / 固定","NEW
初回
InstagramのAPIから取得したデータをBigQueryに登録するプログラムの開発",API
4300641,,https://www.lancers.jp/work/detail/4300641,株式会社KIZASHI,"コンペ
82,000 円","NEW
限定公開
提案非公開
サボテンをモチーフにしたキャラクター制作",事業戦略
4300658,,https://www.lancers.jp/work/detail/4300658,Hamaguchi,"プロジェクト
100,000 円 ~ 200,000 円 / 固定","NEW
2回目
【フルリモート】Webコンテンツ(HP/Youtube等)の戦略立案・全体統括を担ってくれる方！",マーケティング
4300997,,https://www.lancers.jp/work/detail/4300997,Rabbiko,"プロジェクト
~ 5,000 円 / 固定","NEW
美容クリニック無料モニター",マーケティング
4300042,,https://www.lancers.jp/work/detail/4300042,akionionio,"プロジェクト
5,000 円 ~ 10,000 円 / 固定","NEW
スクレイピングツールの開発",GAS
4301184,,https://www.lancers.jp/work/detail/4301184,IT関連プロジェクト業務依頼用アカウント,"プロジェクト
20,000 円 ~ 50,000 円 / 固定","NEW
スクレイピングツールの作成依頼",Python
4301370,,https://www.lancers.jp/work/detail/4301370,藤井　俊太,"プロジェクト
20,000 円 ~ 50,000 円 / 固定","NEW
【継続あり】Webディレクターを募集いたします！",マーケティング
4301336,,https://www.lancers.jp/work/detail/4301336,Sugar-lesS,"プロジェクト
~ 5,000 円 / 固定","NEW
☆美容クリニック☆無料モニター",マーケティング
4301644,,https://www.lancers.jp/work/detail/4301644,Evening Music Records株式会社,"プロジェクト
100,000 円 ~ 200,000 円 / 固定","NEW
音楽ストリーミングサービスの機能開発者募集〈Webアプリケーション開発, 継続依頼有り〉",API
10330?utm_source=lancers&utm_medium=lancers&utm_campaign=bosyu_jobsearch,,https://menta.work/bosyu/10330?utm_source=lancers&utm_medium=lancers&utm_campaign=bosyu_jobsearch,MENTA,"募集
6,000 円",メンター募集（動画の自動生成方法を教えてください）,API
4301844,,https://www.lancers.jp/work/detail/4301844,lachicink,"プロジェクト
50,000 円 ~ 100,000 円 / 固定","NEW
【高報酬】一般法人向けのテレマーケティング業務【電話料負担なし】",マーケティング
4301769,,https://www.lancers.jp/work/detail/4301769,IoT mobile株式会社,"プロジェクト
300,000 円 ~ 500,000 円 / 固定","NEW
初回
Facebook、Instagram、Googleへのマーケティング",マーケティング
4301731,,https://www.lancers.jp/work/detail/4301731,d_garage,"プロジェクト
20,000 円 ~ 50,000 円 / 固定","NEW
【長期】マーケティング会社の営業DM（営業事務）",マーケティング
